{"cameraMode":{"drawMode":0,"name":"Shaded","section":"Shading Mode"},"sceneLighting":true,"audioPlay":false,"sceneViewState":{"m_AlwaysRefresh":false,"showFog":true,"showSkybox":true,"showFlares":true,"showImageEffects":true,"showParticleSystems":true,"showVisualEffectGraphs":true,"m_FxEnabled":true},"in2DMode":false,"pivot":{"x":0.8784663081169128,"y":-2.100897789001465,"z":-0.6837549209594727},"rotation":{"x":0.45130792260169985,"y":-0.018188104033470155,"z":0.009194985032081604,"w":0.8921896815299988},"size":14.42802906036377,"orthographic":false}